ID ACB,Nombre ACB,ID Eurocup,Nombre Eurocup,ID Euroleague,Nombre Euroleague,ID Saporta,Nombre Saporta,ID Copa del Rey,Nombre Copa del Rey
20201020,R. Íñiguez,,,,,,,,
20202294,M. Bosch,,,,,,,,
20200718,B. Branson,,,,,,,,
20200780,E. Clavero,,,,,,,,
20200715,S. Coterón,,,,,,,,
20200853,J. Herranz,,,,,,,,
20200717,J. Morales,,,,,,,,
20202388,C. Mayes,,,,,,,,
20200657,M. Pou,,,,,,,,
20202332,J. Cooper,,,,,,,,
20202515,W. Engelstad,,,,,,,,
20200714,I. Díaz,,,,,,,,
20200716,S. Díez,,,,,,,,
20200976,J. Rogers,,,,,,,,
20200974,H. Wood,,,,,,,,
20200954,J. Marí,,,,,,,,
20200932,C. Gallén,,,,,,,,
20200722,J. González,,,,,,,,
20200721,L. Micheaux,,,,,,,,
20200720,J. Barros,,,,,,,,
20200719,C. Dicenta,,,,,,,,
20201004,J. Fuster,,,,,,,,
20200736,C. Elejabeitia,,,,,,,,
20200890,A. Fabón,,,,,,,,
20201057,J. Viguer,,,,,,,,
20201137,G. Sendra,,,,,,,,
20201193,C. Alonso,,,,,31427,"Alonso Gracia, C.",20201193,C. Alonso
20201186,C. Henry,,,,,,,,
20200664,P. Rodríguez,,,,,,,,
20201173,E. Johnson,,,,,,,,
20201209,A. Kennedy,,,,,,,,
20201211,J. Llamas,,,,,,,,
20201212,V. Luengo,BNA,"LUENGO, VICTOR",BNA,"LUENGO, VICTOR",10666,"Luengo Ciscar, V.",20201212,V. Luengo
20201254,M. Smith,,,,,,,,
20201054,C. Bueno,,,,,,,,
20201265,J. Fernández,,,,,,,,
20201287,T. Breaux,,,,,,,,
20200834,J. Ruiz,,,,,,,,
20201324,J. Grant,,,,,,,,
20201325,R. Mason,,,,,,,,
20201326,W. Kidd,,,,,,,,
20200744,X. Crespo,,,,,,,,
20201053,J. Rodilla,BND,"RODILLA, JOSE IGNACIO",,,24937,"Rodilla Gil, J.",20201053,J. Rodilla
20201266,A. Llopis,,,,,,,,
20200889,D. Alvarez,,,,,,,,
20201380,P. García,,,,,,,,
20201311,K. Lynch,,,,,,,,
20201457,A. Swinson,,,,,,,20201457,A. Swinson
20201470,B. Alvarez,,,,,31426,"Alvarez Merino, B.",20201470,B. Alvarez
20200711,I. Zubizarreta,,,,,,,20200711,I. Zubizarreta
20201458,M. Keane,,,,,,,,
20201385,J. Maluenda,,,,,23717,"Maluenda Benedi, J.",20201385,J. Maluenda
20201493,M. Bragg,,,,,,,,
20201492,R. Burgos,,,,,22473,"Burgos Lopez, R.",20201492,R. Burgos
20201066,S. Radunovic,,,,,,,20201066,S. Radunovic
20201506,C. Rozier,,,,,,,,
20201507,T. Bell,,,,,,,,
20200305,T. Perry,,,,,,,20200305,T. Perry
20200405,R. Fox,,,,,,,20200405,R. Fox
20200450,J. Burke,,,,,,,,
20200341,P. Burke,,,,,,,,
20201119,A. Albert,,,,,11236,"Albert Garcia, A.",20201119,A. Albert
20200334,B. Hopkins,BNE,"HOPKINS, BERNARD",,,29374,"Hopkins, B.",20200334,B. Hopkins
20201322,R. Sellers,,,,,13954,"Sellers, W.",20201322,R. Sellers
20201494,B. Varner,,,,,,,20201494,B. Varner
20200385,I. Oduok,,,,,,,,
20201305,T. Beard,,,,,18311,"Beard, T.",20201305,T. Beard
20201228,N. Markovic,,,,,11429,"Markovic Zoric, N.",20201228,N. Markovic
20200430,A. Tortajada,,,,,,,,
20200372,D. Alston,,,,,26757,"Alston, D.",20200372,D. Alston
20200523,H. Occansey,,,,,2393,"Occansey, H.",,
20200946,J. Millera,,,,,23994,"Millera Mas, J.",20200946,J. Millera
20201284,P. Durham,,,,,7410,"Durham, P.",20201284,P. Durham
20200566,A. Pleuger,,,,,,,20200566,A. Pleuger
20200568,J. Amador,,,CQT,"AMADOR, JOSE",,,,
20200577,D. Calabria,,,,,26403,"Calabria, D.",,
20200391,F. Elson,,,,,34337,"Elson , F.",20200391,F. Elson
20201159,J.A. Paraíso,BNC,"PARAISO, JOSE ANTONIO",BNC,"PARAISO, JOSE ANTONIO",10350,"Paraiso Gonzalez, J.",20201159,J.A. Paraíso
20201471,B. Clifford,,,,,18406,"Clifford, B.",,
20200635,A. Boccia,,,,,,,,
20201521,C. Schmidt,,,,,20743,"Schmidt, C.",20201521,C. Schmidt
20201538,A. Abbio,AKS,"ABBIO, ALESSANDRO",AKS,"ABBIO, ALESSANDRO",,,20201538,A. Abbio
20201582,A. Montecchia,BMZ,"MONTECCHIA, ALEJANDRO",BMZ,"MONTECCHIA, ALEJANDRO",,,20201582,A. Montecchia
20200621,P. Robles,AAY,"ROBLES, PEDRO",,,,,20200621,P. Robles
20201583,F. Kammerichs,BMY,"KAMMERICHS, FEDERICO",BMY,"KAMMERICHS, FEDERICO",,,20201583,F. Kammerichs
20200351,A. García,AAQ,"GARCIA, ASIER",AAQ,"GARCIA, ASIER",,,20200351,A. García
20200458,F. Oberto,AJE,"OBERTO, FABRICIO",AJE,"OBERTO, FABRICIO",,,20200458,F. Oberto
20200608,D. Tomasevic,AFC,"TOMASEVIC, DEJAN",AFC,"TOMASEVIC, DEJAN",,,20200608,D. Tomasevic
20201663,B. Cardinal,BUI,"CARDINAL, BRIAN LEE",,,,,,
20201624,L. Mainoldi,BUL,"MAINOLDI, LEO",BUL,"MAINOLDI, LEO",,,,
20201626,P. Liadellis,,,,,,,,
20201509,O. Arteaga,BTF,"ARTEAGA, OLIVER",,,,,,
20201631,F. Vay,,,BUJ,"VAY, FABRICIO",,,,
20201629,G. Khizhnyak,,,,,,,,
20201675,M. Popovic,,,ATP,"POPOVIC, MARKO",,,,
20201678,D. Dikoudis,,,ABB,"DIKOUDIS, DIMOS",,,20201678,D. Dikoudis
20201676,A. Rigaudeau,ALH,"RIGAUDEAU, ANTOINE",ALH,"RIGAUDEAU, ANTOINE",,,20201676,A. Rigaudeau
20201677,P. Llompart,CQU,"LLOMPART, PEDRO",CQU,"LLOMPART, PEDRO",,,20201677,P. Llompart
20200647,J. Rodríguez,,,CQV,"RODRIGUEZ, JAVIER",,,,
20201716,R. Pack,,,DIL,"PACK, ROBERT",,,20201716,R. Pack
20201869,A. Urtasun,BUK,"URTASUN, ALEX",,,,,20201869,A. Urtasun
20201835,I. Rakocevic,ANB,"RAKOCEVIC, IGOR",,,,,20201835,I. Rakocevic
20201736,G. Jackson,DIB,"JACKSON, GERMAINE",,,,,,
20200547,A. Okulaja,ASB,"OKULAJA, ADEMOLA",,,,,20200547,A. Okulaja
20201870,R. Archibald,KBD,"ARCHIBALD, ROBERT",,,,,,
20201282,O. Yebra,KBC,"YEBRA, OSCAR",,,,,20201282,O. Yebra
20201647,A. Jones,BSJ,"JONES, ALVIN",,,,,,
20201739,J. Fisher,,,,,,,,
20201756,B. Drew,KHH,"DREW, BRYCE HOMER",,,,,,
20201832,C. Julian,BCY,"JULIAN, CYRIL",,,,,20201832,C. Julian
20201807,D. Dial,,,,,,,,
20201859,L. Harrington,,,,,,,20201859,L. Harrington
20201862,E. Sklavos,,,,,,,20201862,E. Sklavos
20200436,A. Miralles,BFT,"MIRALLES, ALBERT",,,,,20200436,A. Miralles
20201808,V. Avdalovic,AUQ,"AVDALOVIC, VULE",,,,,20201808,V. Avdalovic
20200579,R. Garcés,JJQ,"GARCES, RUBEN",,,,,20200579,R. Garcés
20200500,M. Timinskas,AJI,"TIMINSKAS, MINDAUGAS",,,,,20200500,M. Timinskas
20200605,F. Larragán,,,,,,,,
20201884,B. Stepp,,,,,,,20201884,B. Stepp
20201874,C. Bivià,,,,,,,,
20201903,T. Stoykov,,,,,,,,
20200389,A. Goldwire,,,,,,,,
20200483,A. Oliver,554,"OLIVER, ALBERT",,,,,20200483,A. Oliver
20201935,R. Douglas,JJU,"DOUGLAS, RUBEN",,,,,20201935,R. Douglas
20201933,H. Mujezinovic,,,,,,,,
20201932,R. Chiacig,,,,,,,,
20201936,D. Milojevic,AEX,"MILOJEVIC, DEJAN",,,,,,
20201934,J. Stefánsson,LUK,"STEFANSSON, JON",,,,,20201934,J. Stefánsson
20201901,V. Claver,556,"CLAVER, VICTOR",556,"CLAVER, VICTOR",,,20201901,V. Claver
20201985,L. Mavrokefalidis,,,,,,,,
20201659,J. Hamilton,,,,,,,,
20201743,A. Fontet,,,,,,,,
20201792,S. Williams,KMG,"WILLIAMS, SHAMMOND",,,,,20201792,S. Williams
20201954,F. House,BSF,"HOUSE, FRED",,,,,20201954,F. House
20203581,C. Fonseca,767,"FONSECA, CLAUDIO",,,,,,
20201999,S. Barac,TGC,"BARAC, STANKO",,,,,20201999,S. Barac
20202047,B. Avramov,658,"AVRAMOV, BOZHIDAR",,,,,,
20202007,Z. Rebraca,555,"REBRACA, ZELJKO",,,,,,
20203733,F. Da Cruz,,,,,,,,
20202055,M. Molina,,,,,,,,
20202107,K. Perovic,BFG,"PEROVIC, KOSTA",,,,,20202107,K. Perovic
20202073,E. Kurtoglu,,,,,,,20202073,E. Kurtoglu
20200437,R. Martínez,1351,"MARTINEZ, RAFA",1351,"MARTINEZ, RAFA",,,20200437,R. Martínez
20201763,F. Pietrus,AZK,"PIETRUS, FLORENT",AZK,"PIETRUS, FLORENT",,,20201763,F. Pietrus
20200000,M. Nielsen,JRD,"NIELSEN, MATT",,,,,20200000,M. Nielsen
20203955,T. Shengelia,1133,"SHENGELIA, TORNIKE",,,,,,
20200009,W. Gregory,KOJ,"GREGORY, KENNY",,,,,,
20202146,S. Lishchuk,236,"LISHCHUK, SERHIY",236,"LISHCHUK, SERHIY",,,20202146,S. Lishchuk
20201931,M. Marinovic,JMD,"MARINOVIC, MARKO",,,,,20201931,M. Marinovic
20202147,N. De Colo,2100,"DE COLO, NANDO",2100,"DE COLO, NANDO",,,20202147,N. De Colo
20202148,R. Marshall,,,,,,,,
20200004,J. Simeón,1129,"SIMEON, JOSE",1129,"SIMEON, JOSE",,,20200004,J. Simeón
20201744,I. García,JCS,"GARCIA, IVAN",,,,,,
20202102,T. Kelati,545,"KELATI, THOMAS",,,,,20202102,T. Kelati
20202070,O. Cook,,,152,"COOK, OMAR",,,20202070,O. Cook
20204116,J. Richardson,,,1865,"RICHARDSON, JEREMY ",,,,
20202075,D. Savanovic,,,KOD,"SAVANOVIC, DUSKO",,,20202075,D. Savanovic
20203591,M. Fernández,,,LIO,"FERNANDEZ, MARC",,,20203591,M. Fernández
20204118,J. Navarro,,,1124,"NAVARRO, JUANLU",,,20204118,J. Navarro
20204096,R. Javtokas,,,BVE,"JAVTOKAS, ROBERTAS",,,20204096,R. Javtokas
20201852,B. Sundov,,,,,,,,
20202100,J. Augustine,,,1438,"AUGUSTINE, JAMES",,,20202100,J. Augustine
20201815,D. Navarro,,,1124,"NAVARRO, JUANLU",,,20201815,D. Navarro
20201030,D. Middleton,,,,,,,,
20201800,R. San Miguel,3655,"SAN MIGUEL, RODRIGO",,,,,20201800,R. San Miguel
20209839,S. Markovic,LME,"MARKOVIC, STEFAN",,,,,20209839,S. Markovic
20209843,A. Ogilvy,2926,"OGILVY, ANDREW JAMES",,,,,,
20203628,V. Faverani,1215,"FAVERANI, VITOR",,,,,20203628,V. Faverani
20209870,R. Kuksiks,3657,"KUKSIKS, RIHARDS",,,,,,
20202049,N. Caner-Medley,722,"CANER-MEDLEY, NIK",,,,,,
20201711,T. Splitter,CBY,"SPLITTER, TIAGO",,,,,,
20204147,L. Abia,2414,"ABIA, LARRY",,,,,20204147,L. Abia
20210057,Z. Rakocevic,BGI,"RAKOCEVIC, ZARKO",,,,,,
20210109,B. Newley,396,"NEWLEY, BRAD",,,,,,
20202079,T. Piñero,,,,,,,,
20200836,P. Ribas,JUG,"RIBAS, PAU",JUG,"RIBAS, PAU",,,20200836,P. Ribas
20204105,J. Doellman,1832,"DOELLMAN, JUSTIN",,,,,20204105,J. Doellman
20201967,M. Keselj,577,"KESELJ, MARKO",,,,,,
20210254,B. Dubljevic,2742,"DUBLJEVIC, BOJAN",2742,"DUBLJEVIC, BOJAN",,,20210254,B. Dubljevic
20210272,M. Lukauskis,,,,,,,,
20210291,C. Quinn,3368,"QUINN, CHRIS",,,,,,
20210294,J. Lauvergne,4194,"LAUVERGNE, JOFFREY",,,,,,
20201834,M. Gélabale,BHN,"GELABALE, MICKAEL",,,,,,
20210403,W. Hanley,,,,,,,,
20210409,A. Hrycaniuk,,,,,,,,
20204103,J. Robinson,,,,,,,,
20201950,J. Triguero,BGP,"TRIGUERO, JUAN JOSE",,,,,20201950,J. Triguero
20204111,S. Van Rossom,LRQ,"VAN ROSSOM, SAM",LRQ,"VAN ROSSOM, SAM",,,20204111,S. Van Rossom
20201918,R. Sato,LMO,"SATO, ROMAIN",LMO,"SATO, ROMAIN",,,20201918,R. Sato
20210649,O. Lafayette,2870,"LAFAYETTE, OLIVER",,,,,20210649,O. Lafayette
20203689,P. Aguilar,KSF,"AGUILAR, PABLO",KSF,"AGUILAR, PABLO",,,20203689,P. Aguilar
20210644,V. Lucic,1288,"LUCIC, VLADIMIR",1288,"LUCIC, VLADIMIR",,,20210644,V. Lucic
20210684,P. Pérez,5238,"PEREZ, PABLO",5238,"PEREZ, PABLO",,,,
20210749,O. Pecherov,2850,"PECHEROV, OLEKSIY",,,,,,
20201805,L. Barton,BCW,"BARTON, LUBOS",,,,,20201805,L. Barton
20209431,A. Tirado,,,,,,,,
20211261,K. Lavrinovic,,,,,,,,
20204158,G. Vives,2361,"VIVES, GUILLEM",2361,"VIVES, GUILLEM",,,20204158,G. Vives
20211308,D. Buycks,,,5859,"BUYCKS, DWIGHT",,,,
20211299,K. Loncar,BEJ,"LONCAR, KRESIMIR",BEJ,"LONCAR, KRESIMIR",,,20211299,K. Loncar
20211303,L. Harangody,4902,"HARANGODY, LUKE",4902,"HARANGODY, LUKE",,,20211303,L. Harangody
20211540,N. Nedovic,848,"NEDOVIC, NEMANJA",848,"NEDOVIC, NEMANJA",,,20211540,N. Nedovic
20203800,D. Guardia,1097,"GUARDIA, DAVID",1097,"GUARDIA, DAVID",,,,
20200613,F. San Emeterio,518,"SAN EMETERIO, FERNANDO",518,"SAN EMETERIO, FERNANDO",,,20200613,F. San Emeterio
20210670,J. Shurna,6588,"SHURNA, JOHN",,,,,20210670,J. Shurna
20211648,J. Hamilton,4399,"HAMILTON, JUSTIN",,,,,20211648,J. Hamilton
20210656,L. Sikma,6589,"SIKMA, LUKE",,,,,20210656,L. Sikma
20200455,J. Trias,JJF,"TRIAS, JORDI",,,,,,
20211940,A. Diot,TFK,"DIOT, ANTOINE",,,,,20211940,A. Diot
20210640,M. Martínez,,,,,,,,
20211264,T. Peterson,,,,,,,,
20211316,W. Thomas,5856,"THOMAS, WILL",5856,"THOMAS, WILL",,,20211316,W. Thomas
20212210,V. Jankovic,411,"JANKOVIC, VLADIMIR",,,,,,
20202164,P. Oriola,5917,"ORIOLA, PIERRE",,,,,20202164,P. Oriola
20212224,J. Bryant,,,,,,,,
20203882,J. Sastre,2936,"SASTRE, JOAN",2936,"SASTRE, JOAN",,,20203882,J. Sastre
20211945,V. Kravtsov,139,"KRAVTSOV, VIACHESLAV",,,,,20211945,V. Kravtsov
20210392,J. Puerto,6643,"PUERTO, JOSEP",6643,"PUERTO, JOSEP",,,20210392,J. Puerto
20212399,M. Tobey,8966,"TOBEY, MIKE",8966,"TOBEY, MIKE",,,20212399,M. Tobey
20210223,T. Pleiss,,,LHK,"PLEISS, TIBOR",,,20210223,T. Pleiss
20212412,E. Green II,,,5159,"GREEN, ERICK",,,20212412,E. Green II
20212189,A. Doornekamp,2763,"DOORNEKAMP, AARON",2763,"DOORNEKAMP, AARON",,,20212189,A. Doornekamp
20212461,T. Hlinason,,,8041,"HLINASON, TRYGGVI",,,,
20210088,A. Abalde,3733,"ABALDE, ALBERTO",3733,"ABALDE, ALBERTO",,,20210088,A. Abalde
20210267,D. Rudez,,,JZH,"RUDEZ, DAMJAN",,,,
20200209,L. Ferrando,,,7636,"FERRANDO, LUIS",,,,
20210685,S. García,5458,"GARCIA, SERGI",5458,"GARCIA, SERGI",,,20210685,S. García
20210994,A. Vera,,,,,,,,
20209863,L. Williams,,,4259,"WILLIAMS, LATAVIOUS",,,,
20212213,I. Buva,,,,,,,,
20213002,L. Labeyrie,4884,"LABEYRIE, LOUIS",4884,"LABEYRIE, LOUIS",,,20213002,L. Labeyrie
20212430,M. Thomas,8967,"THOMAS, MATT",,,,,20212430,M. Thomas
20210993,I. Galarza,7637,"GALARZA, JON",,,,,,
30000045,V. Marinkovic,,,4761,"MARINKOVIC, VANJA",,,30000045,V. Marinkovic
30000046,J. Loyd,,,9754,"LOYD, JORDAN",,,,
30000043,B. Motum,,,6599,"MOTUM, BROCK",,,,
20202077,Q. Colom,,,6533,"COLOM, QUINO",,,20202077,Q. Colom
20211942,M. Ndour,,,6726,"NDOUR, MAURICE",,,20211942,M. Ndour
30000016,T. Pavelka,,,7533,"PAVELKA, TOMAS",,,,
20212954,K. Prepelic,2661,"PREPELIC, KLEMEN",2661,"PREPELIC, KLEMEN",,,20212954,K. Prepelic
30000314,N. Kalinic,,,4866,"KALINIC, NIKOLA",,,30000314,N. Kalinic
30000315,D. Williams,,,9006,"WILLIAMS, DERRICK",,,,
30000313,M. Hermannsson,8780,"HERMANNSSON, MARTIN",8780,"HERMANNSSON, MARTIN",,,30000313,M. Hermannsson
20211129,J. Pradilla,10393,"PRADILLA, JAIME",10393,"PRADILLA, JAIME",,,20211129,J. Pradilla
20212139,M. Jiménez,9105,"JIMENEZ, MILLAN",9105,"JIMENEZ, MILLAN",,,,
20212102,G. Ferrando,9101,"FERRANDO, GUILLEM",9101,"FERRANDO, GUILLEM",,,,
20211451,N. Dimitrijevic,6085,"DIMITRIJEVIC, NENAD",,,,,20211451,N. Dimitrijevic
30001258,G. Bressan,11276,"BRESSAN, GONZALO",,,,,,
30000173,A. Bellver,9106,"BELLVER, ALEJANDRO",,,,,,
30000076,J. Rivero,11214,"RIVERO, JASIEL",11214,"RIVERO, JASIEL",,,30000076,J. Rivero
20211660,López-Arostegui,5356,"LOPEZ-AROSTEGUI, XABI",5356,"LOPEZ-AROSTEGUI, XABI",,,20211660,López-Arostegui
30000168,R. Vila,10799,"VILA, RAFAEL",,,,,,
30001854,O. Hanlan,,,,,,,,
30000954,J. Webb,,,11971,"WEBB III, JAMES",,,,
30002048,C. Jones,10568,"JONES, CHRIS",10568,"JONES, CHRIS",,,30002048,C. Jones
30001917,J. Radebaugh,,,11972,"RADEBAUGH, JONAH",,,30001917,J. Radebaugh
30000909,K. Alexander,,,11973,"ALEXANDER, KYLE",,,30000909,K. Alexander
30002061,J. Harper,,,11970,"HARPER, JARED",,,30002061,J. Harper
20213202,L. Marí,10754,"MARI, LUCAS",11974,"MARÍ, LUCAS",,,,
30001134,S. Evans,,,10677,"EVANS, SHANNON",,,30001134,S. Evans
30001360,S. De Larrea,10750,"DE LARREA, SERGIO",10750,"DE LARREA, SERGIO",,,,
30002724,N. Reuvers,12738,"REUVERS, NATHAN",12738,"REUVERS, NATHAN",,,30002724,N. Reuvers
30001509,D. Inglis,,,3960,"INGLIS, DAMIEN",,,30001509,D. Inglis
30002442,S. Jovic,4863,"JOVIC, STEFAN",4863,"JOVIC, STEFAN",,,30002442,S. Jovic
30002729,B. Touré,,,12739,"TOURE, BOUBACAR",,,,
30000287,K. Robertson,,,12740,"ROBERTSON, KASSIUS",,,30000287,K. Robertson
30000019,B. Davies,,,7870,"DAVIES, BRANDON",,,30000019,B. Davies
30002811,S. Ojeleye,11982,"OJELEYE, SEMI",11982,"OJELEYE, SEMI",,,30002811,S. Ojeleye
30002865,J. Anderson,,,12795,"ANDERSON, JUSTIN",,,30002865,J. Anderson
20211617,K. Pangos,,,6433,"PANGOS, KEVIN",,,20211617,K. Pangos
30003341,A. Kaba,,,,,,,,
30000107,B. Badio,7527,"BADIO, BRANCOU",,,,,30000107,B. Badio
30000514,J. Montero,10042,"MONTERO, JEAN",,,,,30000514,J. Montero
30001954,E. Happ,9864,"HAPP, ETHAN",,,,,,
30000032,M. Costello,10444,"COSTELLO, MATTHEW",,,,,30000032,M. Costello
30003405,N. Sestina,11980,"SESTINA, NATHAN",,,,,30003405,N. Sestina
30003507,G. Filipovic,4548,"FILIPOVIC, GORAN",,,,,,
30003505,A. Brimah,12075,"BRIMAH, AMIDA",,,,,30003505,A. Brimah
30003936,J. Soriano,,,,,,,,
20213321,J. Carot,11369,"CAROT, JORGE",,,,,,
